Client,Report,Item,Answer,Detected answer,Weight,Phase,Business plan category,Plan dependent,Evidence,Source,Benefit
Aquasure,Capability Scorecard,Is there a Zendesk Help Centre present?,Yes,Yes,10,Set Strong Foundations,Self-Service Centre,No,13 categories and 119 articles detected.,Help Center API,"Enables customer self-service, deflected ticket volumes, and 24/7 support availability."
Aquasure,Capability Scorecard,Has the URL been redirected via CNAME to a recognisable URL (support.experts.co.za)?,Yes,Yes,2,Getting Good,Self-Service Centre,No,3 brand host mapping(s) detected.,Brands API,Maintains brand consistency and trust; prevents security warnings and improves user experience.
Aquasure,Capability Scorecard,"Are you making use of public profiles, giving access to tickets to logged in users?",Needs review,Needs review,2,Getting Good,Self-Service Centre,No,The API exposes end-user settings but cannot prove the intended portal permission experience.,Manual verification,Ensures end-users can transparently track their ticket history while validating security boundaries.
Aquasure,Capability Scorecard,Is the Herlp Centre Branded?,Yes,Yes,5,Getting Good,Self-Service Centre,No,"Brand logo, URL, or host mapping detected.",Brands API,Aligns the customer support experience with corporate branding guidelines for a seamless user journey.
Aquasure,Capability Scorecard,Are you using a custom theme?,Needs review,Needs review,5,Getting Great,Self-Service Centre,No,"12 Guide theme record(s) were returned, but the API does not prove which theme is live or how extensively it is customised.",Guide Themes API and visual review,Allows for bespoke UX/UI layouts that standard out-of-the-box templates cannot support.
Aquasure,Capability Scorecard,"Do you have a custom built, bespoke Help Centre that matches their actual website?",Needs review,Needs review,5,Becoming Best in Class,Self-Service Centre,No,A visual and functional comparison with the company website is required.,Manual verification,"Provides a highly tailored, friction-free transition between the main product/website and support portal."
Aquasure,Capability Scorecard,Are you using Dynamic forms?,Yes,Yes,6,Getting Good,Self-Service Centre,No,15 form(s) contain conditional rules.,Ticket Forms API,"Reduces form clutter by showing fields conditionally, improving end-user ticket accuracy and data hygiene."
Aquasure,Capability Scorecard,Do On-Hold Tickets open up after a specified time?,Yes,Yes,5,Getting Good,Business Rules,No,A single automation contains timed on-hold-to-open evidence.,Automations API,Prevents tickets from being forgotten or lost when waiting on external third parties or internal development.
Aquasure,Capability Scorecard,Do Pending tickets solve after a specified amount of time?,Yes,Yes,5,Getting Good,Business Rules,No,A single automation contains timed pending-to-solved evidence.,Automations API,"Automates ticket closure hygiene when customers stop responding, keeping agent queues clean."
Aquasure,Capability Scorecard,Omnichannel/Automatic Routing present?,Yes,Yes,9,Getting Good,Business Rules,No,Omnichannel routing is enabled.,Account Settings API,Optimizes agent utilization and reduces cherry-picking by automatically pushing tickets to available staff.
Aquasure,Capability Scorecard,Predictive routing enabled?,Needs review,Needs review,4,Becoming Best in Class,Business Rules,No,No reliable predictive-routing flag is exposed in the standard response.,Account Settings API and manual verification,"Leverages machine learning to route tickets to the most capable agent, reducing handling times."
Aquasure,Capability Scorecard,Grouped using accordion?,Yes,Yes,1,Set Strong Foundations,Empowered Employees,No,Nested view naming using :: was detected.,Views API,"Cleans up the agent interface, preventing cognitive overload from too many open list views."
Aquasure,Capability Scorecard,Do you use Emojis in your views?,Yes,Yes,1,Getting Good,Empowered Employees,No,Non-ASCII visual markers were detected in view titles.,Views API,Improves scannability and visual prioritization for agents under high-pressure queues.
Aquasure,Capability Scorecard,Are there specific views for management/agents?,Needs review,Needs review,2,Getting Good,Empowered Employees,No,View audience cannot be confirmed from naming alone.,Views API,Segregates day-to-day operational queues from high-level escalation or oversight queues.
Aquasure,Capability Scorecard,Are you using the Play Button?,Needs review,Needs review,2,Getting Good,Empowered Employees,No,The API response does not reliably prove day-to-day Play Button use.,Manual verification,"Enforces ""Next-In-Queue"" processing, optimizing response order and eliminating ticket cherry-picking."
Aquasure,Capability Scorecard,Are your views set up to put the most important ticket at the top?,Yes,Yes,3,Getting Good,Empowered Employees,No,Priority/SLA sorting evidence was detected in a view.,Views API,Ensures critical or SLA-breaching issues are surfaced instantly to the team.
Aquasure,Capability Scorecard,Are there custom views?,Yes,Yes,7,Set Strong Foundations,Empowered Employees,No,66 active/custom view records were returned.,Views API,Accommodates unique workflows or specific team/department tracking needs.
Aquasure,Capability Scorecard,Are you using Guided Mode?,No,No,5,Getting Great,Empowered Employees,Enterprise,Focus/guided mode is not enabled.,Account Settings API,Forces agents to follow the established ticket order via the play button without skipping items.
Aquasure,Capability Scorecard,Phone Connected?,Yes,Yes,5,Set Strong Foundations,Omnichannel,No,Voice ticket traffic was observed in the report window.,Incremental Tickets API,Ensures voice-based real-time escalations are integrated seamlessly into the omnichannel record.
Aquasure,Capability Scorecard,Email Connected?,Yes,Yes,5,Set Strong Foundations,Omnichannel,No,10 recipient address(es) and recent email/web tickets were detected.,Recipient Addresses and Tickets APIs,Verifies standard support intake is operational and flowing into ticket queues properly.
Aquasure,Capability Scorecard,Messaging Connected?,Yes,Yes,5,Set Strong Foundations,Omnichannel,No,1077 messaging ticket(s) were observed in the report window.,Tickets API,Validates presence of modern asynchronous live chat widgets for immediate web/app support.
Aquasure,Capability Scorecard,WhatsApp Connected?,Needs review,Needs review,5,Set Strong Foundations,Omnichannel,No,No WhatsApp traffic was observed; verify the channel setup directly.,Tickets API,"Meets regional preferences for mobile-first communication, logging conversations centrally."
Aquasure,Capability Scorecard,Social Media Messaging Channels Connected?,Needs review,Needs review,5,Getting Good,Omnichannel,No,No social messaging traffic was observed; verify channel setup directly.,Tickets API,"Consolidates brand reputation management (Facebook, Instagram, X) into unified ticket streams."
Aquasure,Capability Scorecard,Do Google Reviews create tickets?,Needs review,Needs review,2,Getting Great,Omnichannel,No,"Channel-framework tickets can be detected, but the originating review integration needs confirmation.",Manual verification,"Enables rapid responses to public feedback, helping protect the brand reputation."
Aquasure,Capability Scorecard,Do App reviews create tickets?,Needs review,Needs review,2,Getting Great,Omnichannel,No,"Channel-framework tickets can be detected, but the originating review integration needs confirmation.",Manual verification,Surfaces mobile app bugs and user dissatisfaction directly to support and product teams.
Aquasure,Capability Scorecard,"If you have an app, are you using the SDK? (Native in-app chat and knowledge surfacing)",Needs review,Needs review,2,Becoming Best in Class,Omnichannel,No,No recent SDK-originated ticket was observed.,Tickets API,"Keeps users inside the application, driving higher engagement and lowering friction for help."
Aquasure,Capability Scorecard,"Have custom email addresses been set up correctly or at all? (SPF, DNS, TXT)",Yes,Yes,5,Set Strong Foundations,Omnichannel,No,10 recipient address(es) expose a passing verification status.,Recipient Addresses API,"Prevents outbound support emails from landing in customer spam folders, preserving deliverability."
Aquasure,Capability Scorecard,Is there a Basic Bot set up to handle all messaging channels?,Needs review,Needs review,4,Getting Good,Move to Messaging,No,Bot flow configuration is not fully exposed by the standard Support APIs.,Manual verification,"Handles upfront categorization, triage, and basic FAQs automatically before human intervention."
Aquasure,Capability Scorecard,Is there an Advanced AI Agent in place?,Needs review,Needs review,5,Becoming Best in Class,Move to Messaging,AI Agents Advanced,"AI-related settings are active, but they do not prove an Advanced AI Agent is deployed on a live channel.",Account Settings API and manual verification,"Drives sophisticated, human-like resolutions autonomously through generative AI reasoning."
Aquasure,Capability Scorecard,Have Agents done training?,Needs review,Needs review,10,Set Strong Foundations,Empowered Employees,No,This is a people/process question and requires confirmation.,Manual verification,"Minimizes manual errors, boosts platform navigation speed, and directly improves CSAT."
Aquasure,Capability Scorecard,Have Admins done training?,Needs review,Needs review,10,Getting Good,Empowered Employees,No,This is a people/process question and requires confirmation.,Manual verification,"Ensures safe backend modifications, proper trigger logic, and optimized instance health."
Aquasure,Capability Scorecard,Admins signed up to receive important updates via Zendesk thread? (Ask) | This Link,Needs review,Needs review,2,Getting Great,Empowered Employees,No,This is a people/process question and requires confirmation.,Manual verification,"Keeps the system engineering team updated on critical product changes, deprecations, and outages."
Aquasure,Capability Scorecard,Making use of Light Agents?,Yes,Yes,2,Getting Great,Empowered Employees,No,3 light agent(s) were detected.,Users API,"Leverages cost-efficient internal collaboration from non-support staff (e.g., product, billing) without license bloat."
Aquasure,Capability Scorecard,Custom-build CRM ZAF?,Needs review,Needs review,1,Becoming Best in Class,Empowered Employees,No,"An installed app has CRM-related naming, but metadata cannot prove it is a custom-built ZAF CRM.",App Installations API and implementation review,Surfaces customer context from proprietary databases directly in the agent's sidebar app framework.
Aquasure,Capability Scorecard,"Are notification triggers customised to include your name, ticket number and SLA expectations?",Needs review,Needs review,3,Getting Good,Business Rules,No,"Notification-rule placeholders were detected, but the exact customer-facing wording and SLA expectation must be reviewed.",Triggers API and content review,Builds customer trust and sets clear transparency around resolution timeframes.
Aquasure,Capability Scorecard,Are notification triggers optimised for inside and outside of business hours?,Yes,Yes,3,Getting Good,Business Rules,No,A single rule contains a business-hours condition.,Triggers and Automations APIs,Manages customer expectations accurately dynamically based on when they reach out.
Aquasure,Capability Scorecard,Has the toolbar color been customised?,Yes,Yes,1,Getting Good,Business Rules,No,A toolbar/header colour is configured.,Account Settings API,Helps multi-instance admins easily distinguish between Sandbox/Staging and Production environments.
Aquasure,Capability Scorecard,Are all the licenses being used?,Needs review,Needs review,5,Set Strong Foundations,Reporting & Insights,No,Active seats are counted by licence type and Zendesk/custom role. Inactive-user analysis is intentionally excluded from this report.,Users API and manual commercial review,Identifies wasted expenditure or underutilized seat allocations to optimize software spend.
Aquasure,Capability Scorecard,Is there currently a QA process in place?,Needs review,Needs review,5,Getting Great,Reporting & Insights,No,QA product entitlement does not prove an active operational QA process.,Manual verification,Ensures quality standards are upheld consistently across teams for brand alignment.
Aquasure,Capability Scorecard,Are you leveraging Zendesk's Automatic Qiality Assurance Tool?,Needs review,Needs review,5,Becoming Best in Class,Reporting & Insights,Zendesk QA,QA product entitlement does not prove an active operational QA process.,Manual verification,Automates code-free conversation reviews and flags underperforming tickets using AI directly inside Zendesk.
Aquasure,Capability Scorecard,"Are Intent, Sentiment, and Language detection being mapped?",Needs review,Needs review,5,Getting Great,Reporting & Insights,CoPilot,"Intent, sentiment, and language fields were detected, but field presence does not prove active mapping and reporting.",Ticket Fields API and workflow review,"Powers intelligent triage, routing, and deep analytical tracking without relying on manual agent tagging."
Aquasure,Capability Scorecard,Is Macro Suggestions for agents turned on?,Needs review,Needs review,3,Getting Great,Empowered Employees,CoPilot,Copilot feature configuration requires product-specific verification.,Manual verification,Reduces ticket resolution times by predicting the fastest workflows for agents automatically.
Aquasure,Capability Scorecard,Is Zendesk suggesting respondses for agents based on availabl;e knowledge sources and Procedures?,Needs review,Needs review,5,Getting Good,Empowered Employees,CoPilot,Copilot feature configuration requires product-specific verification.,Manual verification,Empowers agents with Copilot tools to answer tickets rapidly using verified institutional knowledge.
Aquasure,Capability Scorecard,Are you leveraging Zendesk's Workforce Management Tool?,Needs review,Needs review,5,Becoming Best in Class,Reporting & Insights,Zendesk WFM,"WFM-related settings or an installation were detected, but active operational use cannot be proven from installation metadata.",Account Settings and Apps APIs plus usage review,"Optimizes staffing schedules, tracks real-time adherence, and accurately forecasts inbound volumes."
Aquasure,Capability Scorecard,Is SSO (Single Sign-On) enabled?,No,No,1,Getting Great,Empowered Employees,No,No SSO configuration was detected.,Security Settings API,Secures agent access through corporate identity management and speeds up login provisioning.
Aquasure,Capability Scorecard,Do you have a schedule(s) set-up?,Yes,Yes,2,Set Strong Foundations,Business Rules,No,2 business-hours schedule(s) were detected.,Business Hours API,Ensures SLAs calculation pauses accurately over weekends and outside of designated business hours.
Aquasure,Capability Scorecard,Do you make use of Macros?,Yes,Yes,5,Set Strong Foundations,Empowered Employees,No,1380 macro record(s) were detected.,Macros API,"Standardizes official responses, reducing typing time and ensuring message consistency."
Aquasure,Capability Scorecard,Are your triggers classified into categories?,Yes,Yes,1,Set Strong Foundations,Business Rules,No,13 trigger categories detected.,Trigger Categories API,"Prevents trigger conflict / ""race conditions"" and makes administration and updates easier."
Aquasure,Capability Scorecard,Do emails have a custom html header and footer?,Yes,Yes,2,Getting Great,Business Rules,No,Custom email template/header/footer settings were returned.,Account Settings API,Ensures system communication matches corporate email branding and legal disclaimer requirements.
Aquasure,Capability Scorecard,Do you have automatic Agent Signatures set up?,No,No,1,Set Strong Foundations,Business Rules,No,No agent signatures were detected.,Users API,Enforces professional standards uniformly across all agent communications.
Aquasure,Capability Scorecard,Have SLA's been set up?,Yes,Yes,4,Set Strong Foundations,Reporting & Insights,Professional,11 SLA policies detected.,SLA Policies API,Establishes accountability and measurable commitment levels for customer resolution speeds.
Aquasure,Capability Scorecard,Escalation Automations for SLA's,Yes,Yes,2,Getting Good,Business Rules,Professional,SLA escalation rule evidence was detected.,Triggers and Automations APIs,Proactively loops in managers or alerts teams before an SLA target formally breaches.
Aquasure,Capability Scorecard,Are you using Side-Conversations?,Yes,Yes,2,Getting Good,Empowered Employees,Professional,Side Conversations settings are active.,Account Settings API,Enables agents to collaborate with internal teams or vendors without exposing that dialogue to the customer.
Aquasure,Capability Scorecard,Are you making use of custom Agent Roles?,Yes,Yes,1,Getting Good,Empowered Employees,Enterprise,11 custom role(s) were detected.,Custom Roles API,"Adheres to the principle of least privilege, restricting sensitive settings to authorized staff."
Aquasure,Capability Scorecard,Are you capturing CSAT on all channels?,Needs review,Needs review,10,Set Strong Foundations,Reporting & Insights,Growth,"CSAT is enabled, but no rated Messaging tickets were observed in the sample; Email/Web has 3 rated ticket(s). This does not prove survey configuration is absent.",Account Settings and Incremental Tickets APIs,Provides a comprehensive view of customer satisfaction score patterns across different contact methods.
Aquasure,Capability Scorecard,Are you capturing Contact Drivers?,Needs review,Needs review,5,Set Strong Foundations,Reporting & Insights,Professional,"A contact-driver style field was detected, but field presence alone does not prove agents populate it consistently.",Ticket Fields API and data-quality review,"Identifies the root causes behind customer inquiries, informing product changes or self-service expansions."
Aquasure,Capability Scorecard,"Are you reporting on Contact Drivers through a pie chart, daily, weekly and monthly?",Needs review,Needs review,10,Set Strong Foundations,Reporting & Insights,Professional,Explore dashboard contents and schedules are not available through the standard Support API.,Manual verification,Visualizes volume trends over time to guide managerial strategy and resource planning.
Aquasure,Capability Scorecard,"Are you tracking/monitoring KPIO's such as First Reply, Full REsolution and REquester Wait times?",Needs review,Needs review,10,Set Strong Foundations,Reporting & Insights,Professional,"This report calculated first reply, full resolution, and requester wait metrics from 123 in-window metric sets, but it cannot prove the client was already monitoring them.",Incremental Tickets API and reporting-process review,Monitors the underlying operational metrics that dictate customer frustration or satisfaction.
Aquasure,Capability Scorecard,Exporting reports automatically?,Needs review,Needs review,3,Getting Good,Reporting & Insights,Professional,Explore delivery schedules are not exposed by the standard Support API.,Manual verification,Keeps executive stakeholders informed seamlessly without manual data-pull efforts.
Aquasure,Capability Scorecard,Are you capturing systems Requests and reporting on these?,Needs review,Needs review,5,Getting Good,Empowered Employees,No,"A systems-request style field was detected, but field presence does not prove consistent capture or reporting.",Ticket Fields API and reporting-process review,Tracks technical bugs or system failures causing spikes in customer contacts.
Aquasure,Capability Scorecard,Time-Tracking app,Yes,Yes,5,Getting Great,Reporting & Insights,Professional,A time-tracking app installation was detected.,App Installations API,Measures exactly how much effort/time unique ticket types consume to pinpoint hidden bottlenecks.